{
  "blocks": [
    {
      "location": {
        "x": 0,
        "y": 1
      },
      "name": "door",
      "rotation": "TWO_SEVENTY"
    },
    {
      "location": {
        "x": 0,
        "y": 0
      },
      "name": "wallAdj",
      "rotation": "TWO_SEVENTY"
    },
    {
      "location": {
        "x": 2,
        "y": 0
      },
      "name": "wallAdj",
      "rotation": "ONE_EIGHTY"
    },
    {
      "location": {
        "x": 1,
        "y": 0
      },
      "name": "wall",
      "rotation": "ONE_EIGHTY"
    },
    {
      "location": {
        "x": 2,
        "y": 1
      },
      "name": "wall",
      "rotation": "NINETY"
    },
    {
      "location": {
        "x": 2,
        "y": 2
      },
      "name": "wall",
      "rotation": "NINETY"
    },
    {
      "location": {
        "x": 2,
        "y": 3
      },
      "name": "wall",
      "rotation": "NINETY"
    },
    {
      "location": {
        "x": 2,
        "y": 4
      },
      "name": "wall",
      "rotation": "NINETY"
    },
    {
      "location": {
        "x": 2,
        "y": 5
      },
      "name": "wall",
      "rotation": "NINETY"
    },
    {
      "location": {
        "x": 1,
        "y": 5
      },
      "name": "door",
      "rotation": "ZERO"
    },
    {
      "location": {
        "x": 0,
        "y": 5
      },
      "name": "wallAdj",
      "rotation": "ZERO"
    },
    {
      "location": {
        "x": 0,
        "y": 4
      },
      "name": "wall",
      "rotation": "TWO_SEVENTY"
    },
    {
      "location": {
        "x": 0,
        "y": 2
      },
      "name": "wall",
      "rotation": "TWO_SEVENTY"
    },
    {
      "location": {
        "x": 0,
        "y": 3
      },
      "name": "wall",
      "rotation": "TWO_SEVENTY"
    },
    {
      "location": {
        "x": 1,
        "y": 1
      },
      "name": "floor",
      "rotation": "ZERO"
    },
    {
      "location": {
        "x": 1,
        "y": 2
      },
      "name": "floor",
      "rotation": "ZERO"
    },
    {
      "location": {
        "x": 1,
        "y": 4
      },
      "name": "floor",
      "rotation": "ZERO"
    },
    {
      "location": {
        "x": 1,
        "y": 3
      },
      "name": "mobSpawn",
      "rotation": "ZERO"
    }
  ],
  "location": {
    "x": 0,
    "y": 0
  },
  "name": "twoWayJunc",
  "rotation": "ZERO"
}